Landsat Product Identifier L2,Landsat Product Identifier L1,Landsat Scene Identifier,Date Acquired,Scan Line Corrector,Collection Category,Collection Number,Sensor Mode,WRS Path,WRS Row,Full Partial Scene,Date Product Generated L2,Date Product Generated L1,Start Time,Stop Time,Station Identifier,Day/Night Indicator,Land Cloud Cover,Scene Cloud Cover L1,Ground Control Points Model,Ground Control Points Version,Geometric RMSE Model,Geometric RMSE Model X,Geometric RMSE Model Y,Image Quality,Gain Change,Processing Software Version,Sun Elevation L1,Sun Azimuth L1,Gap Phase Source,Gap Phase Statistic,Data Type L2,Sensor Identifier,Satellite,Product Map Projection L2,UTM Zone,Datum,Ellipsoid,Scan Gap Interpolation,Scene Center Lat DMS,Scene Center Long DMS,Corner Upper Left Lat DMS,Corner Upper Left Long DMS,Corner Upper Right Lat DMS,Corner Upper Right Long DMS,Corner Lower Left Lat DMS,Corner Lower Left Long DMS,Corner Lower Right Lat DMS,Corner Lower Right Long DMS,Scene Center Latitude,Scene Center Longitude,Corner Upper Left Latitude,Corner Upper Left Longitude,Corner Upper Right Latitude,Corner Upper Right Longitude,Corner Lower Left Latitude,Corner Lower Left Longitude,Corner Lower Right Latitude,Corner Lower Right Longitude,Display ID,Entity ID
LE07_L2SP_201024_20000619_20200918_02_T1,LE07_L1TP_201024_20000619_20200918_02_T1,LE72010242000171EDC00,2000/06/19,ON,T1,2,, 201, 024,FULL,2020/09/18,2020/09/18,2000-06-19 10:43:59.920841,2000-06-19 10:44:26.895591,EDC,Day,   0.00,   0.00,1016,5,    4.555,    3.226,    3.216,9,N,LPGS_15.3.1c, 58.21147329, 145.58769046,,,ETM_L2SP,ETM,7,UTM,31,WGS84,WGS84,-1.0,51Ḟ41'42"N,0Ḟ21'52.20"E,52Ḟ41'12.84"N,0Ḟ39'12.24"W,52Ḟ17'01.68"N,2Ḟ05'46.68"E,51Ḟ04'57"N,1Ḟ19'27.48"W,50Ḟ41'36.24"N,1Ḟ20'02.76"E, 51.69500,   0.36450, 52.68690,  -0.65340, 52.28380,   2.09630, 51.08250,  -1.32430, 50.69340,   1.33410,LE07_L2SP_201024_20000619_20200918_02_T1,LE72010242000171EDC00
LE07_L2SP_201025_20000721_20211119_02_T1,LE07_L1TP_201025_20000721_20211119_02_T1,LE72010252000203NSG01,2000/07/21,ON,T1,2,SAM, 201, 025,FULL,2021/11/19,2021/11/19,2000-07-21 10:43:55.121812,2000-07-21 10:44:22.100688,NSG,Day,   7.00,   2.00,494,5,    4.656,    3.404,    3.176,9,N,LPGS_15.5.0, 55.86870000, 143.63298851,NA,,ETM_L2SP,ETM,7,UTM,30,WGS84,WGS84,-1.0,50Ḟ16'54.16"N,0Ḟ12'42.77"W,51Ḟ15'58.39"N,1Ḟ12'25.70"W,50Ḟ52'36.05"N,1Ḟ27'41.15"E,49Ḟ39'47.52"N,1Ḟ50'41.14"W,49Ḟ17'11.40"N,0Ḟ44'21.19"E, 50.28171,  -0.21188, 51.26622,  -1.20714, 50.87668,   1.46143, 49.66320,  -1.84476, 49.28650,   0.73922,LE07_L2SP_201025_20000721_20211119_02_T1,LE72010252000203NSG01
LE07_L2SP_201025_20000923_20211121_02_T1,LE07_L1TP_201025_20000923_20211121_02_T1,LE72010252000267NSG02,2000/09/23,ON,T1,2,SAM, 201, 025,FULL,2021/11/21,2021/11/21,2000-09-23 10:43:01.418813,2000-09-23 10:43:28.409438,NSG,Day,   5.00,   3.00,681,5,    4.204,    2.873,    3.069,9,N,LPGS_15.5.0, 37.27923005, 157.83696993,NA,,ETM_L2SP,ETM,7,UTM,30,WGS84,WGS84,-1.0,50Ḟ16'57.54"N,0Ḟ12'31.82"W,51Ḟ16'08.69"N,1Ḟ12'15.80"W,50Ḟ52'46.34"N,1Ḟ27'56.77"E,49Ḟ39'56.66"N,1Ḟ50'33.04"W,49Ḟ17'20.80"N,0Ḟ44'34.73"E, 50.28265,  -0.20884, 51.26908,  -1.20439, 50.87954,   1.46577, 49.66574,  -1.84251, 49.28911,   0.74298,LE07_L2SP_201025_20000923_20211121_02_T1,LE72010252000267NSG02
LE07_L2SP_201025_20001228_20200917_02_T1,LE07_L1TP_201025_20001228_20200917_02_T1,LE72010252000363EDC00,2000/12/28,ON,T1,2,, 201, 025,FULL,2020/09/17,2020/09/17,2000-12-28 10:43:00.736941,2000-12-28 10:43:27.739878,EDC,Day,   6.00,   5.00,295,5,    5.664,    4.540,    3.387,9,N,LPGS_15.3.1c, 14.39949254, 161.24239751,,,ETM_L2SP,ETM,7,UTM,30,WGS84,WGS84,-1.0,50Ḟ16'58.80"N,0Ḟ11'17.88"W,51Ḟ16'10.56"N,1Ḟ10'55.56"W,50Ḟ52'42.60"N,1Ḟ29'16.08"E,49Ḟ39'39.60"N,1Ḟ49'28.56"W,49Ḟ16'58.44"N,0Ḟ45'37.44"E, 50.28300,  -0.18830, 51.26960,  -1.18210, 50.87850,   1.48780, 49.66100,  -1.82460, 49.28290,   0.76040,LE07_L2SP_201025_20001228_20200917_02_T1,LE72010252000363EDC00
LE07_L2SP_201024_20010113_20200917_02_T1,LE07_L1TP_201024_20010113_20200917_02_T1,LE72010242001013EDC00,2001/01/13,ON,T1,2,, 201, 024,FULL,2020/09/17,2020/09/17,2001-01-13 10:42:38.895943,2001-01-13 10:43:05.90038,EDC,Day,   5.00,   4.00,737,5,    5.882,    4.229,    4.088,9,N,LPGS_15.3.1c, 14.59006911, 159.78087369,,,ETM_L2SP,ETM,7,UTM,31,WGS84,WGS84,-1.0,51Ḟ41'42"N,0Ḟ25'07.32"E,52Ḟ41'05.28"N,0Ḟ35'55.68"W,52Ḟ16'52.32"N,2Ḟ09'07.20"E,51Ḟ04'43.32"N,1Ḟ16'20.64"W,50Ḟ41'20.76"N,1Ḟ23'13.56"E, 51.69500,   0.41870, 52.68480,  -0.59880, 52.28120,   2.15200, 51.07870,  -1.27240, 50.68910,   1.38710,LE07_L2SP_201024_20010113_20200917_02_T1,LE72010242001013EDC00
LE07_L2SP_201025_20010113_20200917_02_T1,LE07_L1TP_201025_20010113_20200917_02_T1,LE72010252001013EDC00,2001/01/13,ON,T1,2,, 201, 025,FULL,2020/09/17,2020/09/17,2001-01-13 10:43:02.731818,2001-01-13 10:43:29.736381,EDC,Day,  14.00,   4.00,447,5,    5.177,    3.419,    3.887,9,N,LPGS_15.3.1c, 15.79552567, 159.16055506,,,ETM_L2SP,ETM,7,UTM,30,WGS84,WGS84,-1.0,50Ḟ16'58.80"N,0Ḟ11'58.20"W,51Ḟ16'15.60"N,1Ḟ11'38.04"W,50Ḟ52'47.28"N,1Ḟ28'33.60"E,49Ḟ39'46.08"N,1Ḟ50'07.44"W,49Ḟ17'04.20"N,0Ḟ44'58.92"E, 50.28300,  -0.19950, 51.27100,  -1.19390, 50.87980,   1.47600, 49.66280,  -1.83540, 49.28450,   0.74970,LE07_L2SP_201025_20010113_20200917_02_T1,LE72010252001013EDC00
LE07_L2SP_201024_20010214_20200917_02_T1,LE07_L1TP_201024_20010214_20200917_02_T1,LE72010242001045SGS00,2001/02/14,ON,T1,2,, 201, 024,FULL,2020/09/17,2020/09/17,2001-02-14 10:42:35.797261,2001-02-14 10:43:02.805698,SGS,Day,   7.00,   5.00,464,5,    5.483,    3.244,    4.420,9,N,LPGS_15.3.1c, 22.52403782, 156.25616632,,,ETM_L2SP,ETM,7,UTM,31,WGS84,WGS84,-1.0,51Ḟ41'42"N,0Ḟ24'42.84"E,52Ḟ41'14.64"N,0Ḟ36'16.20"W,52Ḟ17'02.40"N,2Ḟ08'45.60"E,51Ḟ04'52.68"N,1Ḟ16'42.60"W,50Ḟ41'31.20"N,1Ḟ22'50.16"E, 51.69500,   0.41190, 52.68740,  -0.60450, 52.28400,   2.14600, 51.08130,  -1.27850, 50.69200,   1.38060,LE07_L2SP_201024_20010214_20200917_02_T1,LE72010242001045SGS00
LE07_L2SP_201025_20010214_20200917_02_T1,LE07_L1TP_201025_20010214_20200917_02_T1,LE72010252001045SGS00,2001/02/14,ON,T1,2,, 201, 025,FULL,2020/09/17,2020/09/17,2001-02-14 10:42:59.708761,2001-02-14 10:43:26.717136,SGS,Day,  14.00,   4.00,342,5,    5.072,    3.383,    3.779,9,N,LPGS_15.3.1c, 23.68041783, 155.47701114,,,ETM_L2SP,ETM,7,UTM,30,WGS84,WGS84,-1.0,50Ḟ16'58.80"N,0Ḟ12'27"W,51Ḟ16'10.20"N,1Ḟ12'05.76"W,50Ḟ52'42.96"N,1Ḟ28'04.08"E,49Ḟ39'36.72"N,1Ḟ50'34.44"W,49Ḟ16'56.64"N,0Ḟ44'29.76"E, 50.28300,  -0.20750, 51.26950,  -1.20160, 50.87860,   1.46780, 49.66020,  -1.84290, 49.28240,   0.74160,LE07_L2SP_201025_20010214_20200917_02_T1,LE72010252001045SGS00
LE07_L2SP_202024_20010512_20200917_02_T1,LE07_L1TP_202024_20010512_20200917_02_T1,LE72020242001132EDC00,2001/05/12,ON,T1,2,, 202, 024,FULL,2020/09/17,2020/09/17,2001-05-12 10:48:17.141153,2001-05-12 10:48:44.162403,EDC,Day,   0.00,   0.00,1071,5,    4.765,    3.342,    3.397,9,N,LPGS_15.3.1c, 53.59326677, 150.12627016,,,ETM_L2SP,ETM,7,UTM,30,WGS84,WGS84,-1.0,51Ḟ41'42"N,1Ḟ10'18.12"W,52Ḟ41'05.28"N,2Ḟ11'23.28"W,52Ḟ16'57"N,0Ḟ33'38.88"E,51Ḟ04'37.92"N,2Ḟ51'44.64"W,50Ḟ41'20.04"N,0Ḟ12'11.88"W, 51.69500,  -1.17170, 52.68480,  -2.18980, 52.28250,   0.56080, 51.07720,  -2.86240, 50.68890,  -0.20330,LE07_L2SP_202024_20010512_20200917_02_T1,LE72020242001132EDC00
LE07_L2SP_201025_20010521_20200917_02_T1,LE07_L1TP_201025_20010521_20200917_02_T1,LE72010252001141EDC00,2001/05/21,ON,T1,2,, 201, 025,FULL,2020/09/17,2020/09/17,2001-05-21 10:42:25.017467,2001-05-21 10:42:52.039904,EDC,Day,  10.00,   4.00,525,5,    4.759,    3.416,    3.313,9,N,LPGS_15.3.1c, 56.50751746, 146.90642832,,,ETM_L2SP,ETM,7,UTM,30,WGS84,WGS84,-1.0,50Ḟ16'58.80"N,0Ḟ14'36.24"W,51Ḟ16'08.40"N,1Ḟ14'20.40"W,50Ḟ52'45.12"N,1Ḟ25'48.72"E,49Ḟ39'33.12"N,1Ḟ52'43.32"W,49Ḟ16'56.64"N,0Ḟ42'19.80"E, 50.28300,  -0.24340, 51.26900,  -1.23900, 50.87920,   1.43020, 49.65920,  -1.87870, 49.28240,   0.70550,LE07_L2SP_201025_20010521_20200917_02_T1,LE72010252001141EDC00
LE07_L2SP_202024_20010901_20200917_02_T1,LE07_L1TP_202024_20010901_20200917_02_T1,LE72020242001244EDC00,2001/09/01,ON,T1,2,, 202, 024,FULL,2020/09/17,2020/09/17,2001-09-01 10:47:01.106111,2001-09-01 10:47:28.143174,EDC,Day,   1.00,   1.00,86,5,    5.686,    3.307,    4.626,9,Y,LPGS_15.3.1c, 43.65799805, 153.02198684,,,ETM_L2SP,ETM,7,UTM,30,WGS84,WGS84,-1.0,51Ḟ41'42"N,1Ḟ10'13.44"W,52Ḟ41'09.96"N,2Ḟ11'15.72"W,52Ḟ17'03.12"N,0Ḟ33'47.88"E,51Ḟ04'39.72"N,2Ḟ51'32.04"W,50Ḟ41'23.28"N,0Ḟ11'57.84"W, 51.69500,  -1.17040, 52.68610,  -2.18770, 52.28420,   0.56330, 51.07770,  -2.85890, 50.68980,  -0.19940,LE07_L2SP_202024_20010901_20200917_02_T1,LE72020242001244EDC00
LE07_L2SP_201025_20011012_20200917_02_T1,LE07_L1TP_201025_20011012_20200917_02_T1,LE72010252001285EDC00,2001/10/12,ON,T1,2,, 201, 025,FULL,2020/09/17,2020/09/17,2001-10-12 10:40:42.878803,2001-10-12 10:41:09.919116,EDC,Day,   0.00,   0.00,570,5,    4.787,    3.276,    3.490,9,N,LPGS_15.3.1c, 30.44423513, 160.85245107,,,ETM_L2SP,ETM,7,UTM,30,WGS84,WGS84,-1.0,50Ḟ16'58.80"N,0Ḟ10'45.84"W,51Ḟ16'16.32"N,1Ḟ10'22.08"W,50Ḟ52'44.40"N,1Ḟ29'51.72"E,49Ḟ39'39.24"N,1Ḟ48'54"W,49Ḟ16'54.48"N,0Ḟ46'13.80"E, 50.28300,  -0.17940, 51.27120,  -1.17280, 50.87900,   1.49770, 49.66090,  -1.81500, 49.28180,   0.77050,LE07_L2SP_201025_20011012_20200917_02_T1,LE72010252001285EDC00
LE07_L2SP_201025_20011215_20200917_02_T1,LE07_L1TP_201025_20011215_20200917_02_T1,LE72010252001349EDC00,2001/12/15,ON,T1,2,, 201, 025,FULL,2020/09/17,2020/09/17,2001-12-15 10:41:13.738624,2001-12-15 10:41:40.784936,EDC,Day,  16.00,   5.00,420,5,    5.673,    4.129,    3.891,9,N,LPGS_15.3.1c, 14.60920217, 162.34755214,,,ETM_L2SP,ETM,7,UTM,30,WGS84,WGS84,-1.0,50Ḟ16'58.80"N,0Ḟ11'22.56"W,51Ḟ16'14.88"N,1Ḟ10'59.16"W,50Ḟ52'43.68"N,1Ḟ29'12.48"E,49Ḟ39'36.72"N,1Ḟ49'37.56"W,49Ḟ16'52.32"N,0Ḟ45'28.08"E, 50.28300,  -0.18960, 51.27080,  -1.18310, 50.87880,   1.48680, 49.66020,  -1.82710, 49.28120,   0.75780,LE07_L2SP_201025_20011215_20200917_02_T1,LE72010252001349EDC00
LE07_L2SP_202024_20020328_20200916_02_T1,LE07_L1TP_202024_20020328_20200916_02_T1,LE72020242002087EDC00,2002/03/28,ON,T1,2,, 202, 024,FULL,2020/09/16,2020/09/16,2002-03-28 10:47:09.488705,2002-03-28 10:47:36.548955,EDC,Day,   0.00,   0.00,1142,5,    4.452,    3.001,    3.288,9,N,LPGS_15.3.1c, 38.37137088, 153.41495929,,,ETM_L2SP,ETM,7,UTM,30,WGS84,WGS84,-1.0,51Ḟ41'42"N,1Ḟ07'41.16"W,52Ḟ41'18.96"N,2Ḟ08'42.72"W,52Ḟ17'06.72"N,0Ḟ36'20.52"E,51Ḟ04'46.56"N,2Ḟ49'10.56"W,50Ḟ41'25.08"N,0Ḟ09'36.72"W, 51.69500,  -1.12810, 52.68860,  -2.14520, 52.28520,   0.60570, 51.07960,  -2.81960, 50.69030,  -0.16020,LE07_L2SP_202024_20020328_20200916_02_T1,LE72020242002087EDC00
LE07_L2SP_201024_20020406_20200916_02_T1,LE07_L1TP_201024_20020406_20200916_02_T1,LE72010242002096EDC00,2002/04/06,ON,T1,2,, 201, 024,FULL,2020/09/16,2020/09/16,2002-04-06 10:40:57.818518,2002-04-06 10:41:24.879456,EDC,Day,   0.00,   0.00,989,5,    4.362,    3.230,    2.931,9,N,LPGS_15.3.1c, 41.87937825, 152.96441592,,,ETM_L2SP,ETM,7,UTM,31,WGS84,WGS84,-1.0,51Ḟ41'42"N,0Ḟ24'38.88"E,52Ḟ41'08.88"N,0Ḟ36'24.84"W,52Ḟ16'57"N,2Ḟ08'38.40"E,51Ḟ04'34.68"N,1Ḟ16'51.60"W,50Ḟ41'13.92"N,1Ḟ22'42.60"E, 51.69500,   0.41080, 52.68580,  -0.60690, 52.28250,   2.14400, 51.07630,  -1.28100, 50.68720,   1.37850,LE07_L2SP_201024_20020406_20200916_02_T1,LE72010242002096EDC00
LE07_L2SP_201025_20020406_20200916_02_T1,LE07_L1TP_201025_20020406_20200916_02_T1,LE72010252002096EDC00,2002/04/06,ON,T1,2,, 201, 025,FULL,2020/09/16,2020/09/16,2002-04-06 10:41:21.704268,2002-04-06 10:41:48.765268,EDC,Day,   0.00,   0.00,654,5,    4.277,    2.885,    3.157,9,N,LPGS_15.3.1c, 42.97827079, 151.69596043,,,ETM_L2SP,ETM,7,UTM,30,WGS84,WGS84,-1.0,50Ḟ16'58.80"N,0Ḟ12'28.08"W,51Ḟ16'08.76"N,1Ḟ12'09"W,50Ḟ52'41.88"N,1Ḟ28'03"E,49Ḟ39'25.92"N,1Ḟ50'42.72"W,49Ḟ16'45.48"N,0Ḟ44'22.56"E, 50.28300,  -0.20780, 51.26910,  -1.20250, 50.87830,   1.46750, 49.65720,  -1.84520, 49.27930,   0.73960,LE07_L2SP_201025_20020406_20200916_02_T1,LE72010252002096EDC00
LE07_L2SP_202024_20020413_20211129_02_T1,LE07_L1TP_202024_20020413_20211128_02_T1,LE72020242002103NSG01,2002/04/13,ON,T1,2,SAM, 202, 024,FULL,2021/11/29,2021/11/28,2002-04-13 10:47:09.689062,2002-04-13 10:47:36.7505,NSG,Day,   1.00,   1.00,49,5,    5.001,    3.443,    3.627,9,Y,LPGS_15.5.0, 44.50418552, 152.57210062,NA,,ETM_L2SP,ETM,7,UTM,30,WGS84,WGS84,-1.0,51Ḟ41'25.48"N,1Ḟ07'46.60"W,52Ḟ40'55.88"N,2Ḟ08'47.94"W,52Ḟ16'45.91"N,0Ḟ36'13.68"E,51Ḟ04'39.43"N,2Ḟ49'06.56"W,50Ḟ41'19.82"N,0Ḟ09'33.62"W, 51.69041,  -1.12961, 52.68219,  -2.14665, 52.27942,   0.60380, 51.07762,  -2.81849, 50.68884,  -0.15934,LE07_L2SP_202024_20020413_20211129_02_T1,LE72020242002103NSG01
LE07_L2SP_201024_20020913_20200916_02_T1,LE07_L1TP_201024_20020913_20200916_02_T1,LE72010242002256SGS01,2002/09/13,ON,T1,2,, 201, 024,FULL,2020/09/16,2020/09/16,2002-09-13 10:40:03.209749,2002-09-13 10:40:30.2925,SGS,Day,   0.00,   0.00,1025,5,    4.296,    2.972,    3.102,9,N,LPGS_15.3.1c, 39.63088885, 155.60716068,,,ETM_L2SP,ETM,7,UTM,31,WGS84,WGS84,-1.0,51Ḟ41'42"N,0Ḟ21'01.08"E,52Ḟ41'14.64"N,0Ḟ40'00.12"W,52Ḟ17'07.44"N,2Ḟ05'03.12"E,51Ḟ04'50.52"N,1Ḟ20'19.32"W,50Ḟ41'33.72"N,1Ḟ19'14.52"E, 51.69500,   0.35030, 52.68740,  -0.66670, 52.28540,   2.08420, 51.08070,  -1.33870, 50.69270,   1.32070,LE07_L2SP_201024_20020913_20200916_02_T1,LE72010242002256SGS01
LE07_L2SP_201025_20020913_20200916_02_T1,LE07_L1TP_201025_20020913_20200916_02_T1,LE72010252002256SGS01,2002/09/13,ON,T1,2,, 201, 025,FULL,2020/09/16,2020/09/16,2002-09-13 10:40:27.042562,2002-09-13 10:40:54.125375,SGS,Day,   0.00,   0.00,732,5,    4.396,    3.044,    3.172,9,N,LPGS_15.3.1c, 40.77124849, 154.45305735,,,ETM_L2SP,ETM,7,UTM,30,WGS84,WGS84,-1.0,50Ḟ16'58.80"N,0Ḟ16'00.12"W,51Ḟ16'24.24"N,1Ḟ15'37.44"W,50Ḟ53'01.68"N,1Ḟ24'34.56"E,49Ḟ39'52.20"N,1Ḟ53'58.20"W,49Ḟ17'16.44"N,0Ḟ41'08.16"E, 50.28300,  -0.26670, 51.27340,  -1.26040, 50.88380,   1.40960, 49.66450,  -1.89950, 49.28790,   0.68560,LE07_L2SP_201025_20020913_20200916_02_T1,LE72010252002256SGS01
LE07_L2SP_202024_20030315_20200916_02_T1,LE07_L1TP_202024_20030315_20200916_02_T1,LE72020242003074EDC00,2003/03/15,ON,T1,2,, 202, 024,FULL,2020/09/16,2020/09/16,2003-03-15 10:47:04.525812,2003-03-15 10:47:31.632125,EDC,Day,   4.00,   3.00,932,5,    4.553,    3.124,    3.312,9,N,LPGS_15.3.1c, 33.07850553, 153.99328424,,,ETM_L2SP,ETM,7,UTM,30,WGS84,WGS84,-1.0,51Ḟ41'42"N,1Ḟ07'31.80"W,52Ḟ41'20.76"N,2Ḟ08'28.68"W,52Ḟ17'06.72"N,0Ḟ36'36.36"E,51Ḟ04'54.12"N,2Ḟ48'56.16"W,50Ḟ41'30.84"N,0Ḟ09'20.52"W, 51.69500,  -1.12550, 52.68910,  -2.14130, 52.28520,   0.61010, 51.08170,  -2.81560, 50.69190,  -0.15570,LE07_L2SP_202024_20030315_20200916_02_T1,LE72020242003074EDC00
LE07_L2SP_202024_20030416_20200916_02_T1,LE07_L1TP_202024_20030416_20200916_02_T1,LE72020242003106EDC00,2003/04/16,ON,T1,2,, 202, 024,FULL,2020/09/16,2020/09/16,2003-04-16 10:47:06.303187,2003-04-16 10:47:33.413249,EDC,Day,   0.00,   0.00,1159,5,    4.538,    3.169,    3.248,9,N,LPGS_15.3.1c, 45.50395416, 152.31582568,,,ETM_L2SP,ETM,7,UTM,30,WGS84,WGS84,-1.0,51Ḟ40'21.36"N,1Ḟ09'21.24"W,52Ḟ39'56.88"N,2Ḟ10'14.16"W,52Ḟ15'47.52"N,0Ḟ34'35.76"E,51Ḟ03'26.64"N,2Ḟ50'41.28"W,50Ḟ40'07.68"N,0Ḟ11'20.40"W, 51.67260,  -1.15590, 52.66580,  -2.17060, 52.26320,   0.57660, 51.05740,  -2.84480, 50.66880,  -0.18900,LE07_L2SP_202024_20030416_20200916_02_T1,LE72020242003106EDC00
LE07_L2SP_202024_20040301_20200915_02_T1,LE07_L1TP_202024_20040301_20200915_02_T1,LE72020242004061EDC01,2004/03/01,OFF,T1,2,, 202, 024,FULL,2020/09/15,2020/09/15,2004-03-01 10:47:29.853937,2004-03-01 10:47:56.994,EDC,Day,   2.00,   2.00,819,5,    4.846,    3.480,    3.373,9,N,LPGS_15.3.1c, 27.94071113, 154.80528214,DE, -7.033852,ETM_L2SP,ETM,7,UTM,30,WGS84,WGS84,2.0,51Ḟ40'19.56"N,1Ḟ08'04.20"W,52Ḟ40'01.92"N,2Ḟ08'57.48"W,52Ḟ15'46.80"N,0Ḟ36'01.08"E,51Ḟ03'29.16"N,2Ḟ49'29.28"W,50Ḟ40'04.80"N,0Ḟ09'59.76"W, 51.67210,  -1.13450, 52.66720,  -2.14930, 52.26300,   0.60030, 51.05810,  -2.82480, 50.66800,  -0.16660,LE07_L2SP_202024_20040301_20200915_02_T1,LE72020242004061EDC01
LE07_L2SP_202024_20060510_20200914_02_T1,LE07_L1TP_202024_20060510_20200914_02_T1,LE72020242006130EDC00,2006/05/10,OFF,T1,2,, 202, 024,FULL,2020/09/14,2020/09/14,2006-05-10 10:48:24.859062,2006-05-10 10:48:52.096562,EDC,Day,   2.00,   2.00,1046,5,    4.482,    3.103,    3.234,9,N,LPGS_15.3.1c, 53.07610883, 150.33672278,DE, 11.689844,ETM_L2SP,ETM,7,UTM,30,WGS84,WGS84,2.0,51Ḟ39'28.80"N,1Ḟ13'42.96"W,52Ḟ39'13.32"N,2Ḟ14'42.36"W,52Ḟ15'04.68"N,0Ḟ30'17.28"E,51Ḟ02'17.88"N,2Ḟ55'08.04"W,50Ḟ38'59.64"N,0Ḟ15'39.24"W, 51.65800,  -1.22860, 52.65370,  -2.24510, 52.25130,   0.50480, 51.03830,  -2.91890, 50.64990,  -0.26090,LE07_L2SP_202024_20060510_20200914_02_T1,LE72020242006130EDC00
LE07_L2SP_202024_20061102_20210519_02_T1,LE07_L1TP_202024_20061102_20210519_02_T1,LE72020242006306EDC01,2006/11/02,OFF,T1,2,SAM, 202, 024,FULL,2021/05/19,2021/05/19,2006-11-02 10:48:06.957375,2006-11-02 10:48:34.217562,EDC,Day,   1.00,   1.00,950,5,    4.707,    3.411,    3.244,9,N,LPGS_15.5.0, 22.27948262, 164.37821645,DE,  8.431721,ETM_L2SP,ETM,7,UTM,30,WGS84,WGS84,2.0,51Ḟ41'05.24"N,1Ḟ06'52.06"W,52Ḟ41'02.04"N,2Ḟ07'36.44"W,52Ḟ16'46.16"N,0Ḟ37'23.34"E,51Ḟ04'02.03"N,2Ḟ48'25.09"W,50Ḟ40'37.13"N,0Ḟ08'56.15"W, 51.68479,  -1.11446, 52.68390,  -2.12679, 52.27949,   0.62315, 51.06723,  -2.80697, 50.67698,  -0.14893,LE07_L2SP_202024_20061102_20210519_02_T1,LE72020242006306EDC01
LE07_L2SP_202024_20061118_20200913_02_T1,LE07_L1TP_202024_20061118_20200913_02_T1,LE72020242006322EDC00,2006/11/18,OFF,T1,2,, 202, 024,FULL,2020/09/13,2020/09/13,2006-11-18 10:48:19.001874,2006-11-18 10:48:46.263999,EDC,Day,   2.00,   3.00,761,5,    4.797,    3.517,    3.262,9,N,LPGS_15.3.1c, 17.77992504, 164.78612368,DE,-14.700184,ETM_L2SP,ETM,7,UTM,30,WGS84,WGS84,2.0,51Ḟ43'00.48"N,1Ḟ11'19.32"W,52Ḟ42'55.08"N,2Ḟ12'03.24"W,52Ḟ18'36.36"N,0Ḟ32'59.64"E,51Ḟ05'55.68"N,2Ḟ52'59.16"W,50Ḟ42'28.08"N,0Ḟ13'27.48"W, 51.71680,  -1.18870, 52.71530,  -2.20090, 52.31010,   0.54990, 51.09880,  -2.88310, 50.70780,  -0.22430,LE07_L2SP_202024_20061118_20200913_02_T1,LE72020242006322EDC00
LE07_L2SP_201025_20070911_20200913_02_T1,LE07_L1TP_201025_20070911_20200913_02_T1,LE72010252007254ASN00,2007/09/11,OFF,T1,2,, 201, 025,FULL,2020/09/13,2020/09/13,2007-09-11 10:42:23.679937,2007-09-11 10:42:50.433749,ASN,Day,  10.00,   5.00,435,5,    4.334,    2.904,    3.217,9,N,LPGS_15.3.1c, 41.62110861, 154.45932648,DE, 10.843256,ETM_L2SP,ETM,7,UTM,30,WGS84,WGS84,2.0,50Ḟ18'58.68"N,0Ḟ19'20.64"W,51Ḟ17'36.96"N,1Ḟ19'22.80"W,50Ḟ54'16.92"N,1Ḟ20'59.28"E,49Ḟ42'14.40"N,1Ḟ57'16.20"W,49Ḟ19'40.80"N,0Ḟ38'02.76"E, 50.31630,  -0.32240, 51.29360,  -1.32300, 50.90470,   1.34980, 49.70400,  -1.95450, 49.32800,   0.63410,LE07_L2SP_201025_20070911_20200913_02_T1,LE72010252007254ASN00
LE07_L2SP_201024_20080508_20200912_02_T1,LE07_L1TP_201024_20080508_20200912_02_T1,LE72010242008129ASN00,2008/05/08,OFF,T1,2,, 201, 024,FULL,2020/09/12,2020/09/12,2008-05-08 10:42:12.251749,2008-05-08 10:42:39.005625,ASN,Day,   0.00,   0.00,846,5,    4.517,    3.036,    3.344,9,N,LPGS_15.3.1c, 52.68381782, 150.41283751,DE, -4.746904,ETM_L2SP,ETM,7,UTM,31,WGS84,WGS84,2.0,51Ḟ38'54.96"N,0Ḟ15'25.20"E,52Ḟ37'50.88"N,0Ḟ45'55.44"W,52Ḟ13'45.84"N,1Ḟ58'59.16"E,51Ḟ02'38.76"N,1Ḟ25'35.40"W,50Ḟ39'23.40"N,1Ḟ13'54.84"E, 51.64860,   0.25700, 52.63080,  -0.76540, 52.22940,   1.98310, 51.04410,  -1.42650, 50.65650,   1.23190,LE07_L2SP_201024_20080508_20200912_02_T1,LE72010242008129ASN00
LE07_L2SP_201025_20080508_20200912_02_T1,LE07_L1TP_201025_20080508_20200912_02_T1,LE72010252008129ASN00,2008/05/08,OFF,T1,2,, 201, 025,FULL,2020/09/12,2020/09/12,2008-05-08 10:42:36.151875,2008-05-08 10:43:02.905749,ASN,Day,   1.00,   1.00,536,5,    4.456,    3.114,    3.187,9,N,LPGS_15.3.1c, 53.73718941, 148.67642807,DE,  6.885359,ETM_L2SP,ETM,7,UTM,30,WGS84,WGS84,2.0,50Ḟ14'09.96"N,0Ḟ21'36"W,51Ḟ12'47.88"N,1Ḟ21'29.88"W,50Ḟ49'27.48"N,1Ḟ18'33.84"E,49Ḟ37'24.96"N,1Ḟ59'21.84"W,49Ḟ14'50.28"N,0Ḟ35'39.84"E, 50.23610,  -0.36000, 51.21330,  -1.35830, 50.82430,   1.30940, 49.62360,  -1.98940, 49.24730,   0.59440,LE07_L2SP_201025_20080508_20200912_02_T1,LE72010252008129ASN00
LE07_L2SP_202024_20081022_20200913_02_T1,LE07_L1TP_202024_20081022_20200913_02_T1,LE72020242008296EDC00,2008/10/22,OFF,T1,2,, 202, 024,FULL,2020/09/13,2020/09/13,2008-10-22 10:47:08.952,2008-10-22 10:47:35.705874,EDC,Day,   3.00,   3.00,902,5,    4.724,    3.328,    3.352,9,N,LPGS_15.3.1c, 25.60144784, 163.16644973,DE, 14.033999,ETM_L2SP,ETM,7,UTM,30,WGS84,WGS84,2.0,51Ḟ43'57"N,1Ḟ10'41.16"W,52Ḟ43'05.88"N,2Ḟ11'50.64"W,52Ḟ18'47.52"N,0Ḟ33'20.16"E,51Ḟ07'55.92"N,2Ḟ51'55.08"W,50Ḟ44'27.96"N,0Ḟ12'10.08"W, 51.73250,  -1.17810, 52.71830,  -2.19740, 52.31320,   0.55560, 51.13220,  -2.86530, 50.74110,  -0.20280,LE07_L2SP_202024_20081022_20200913_02_T1,LE72020242008296EDC00
LE07_L2SP_202024_20110929_20210518_02_T1,LE07_L1TP_202024_20110929_20210518_02_T1,LE72020242011272EDC03,2011/09/29,OFF,T1,2,BUMPER, 202, 024,FULL,2021/05/18,2021/05/18,2011-09-29 10:51:35.98975,2011-09-29 10:52:02.743625,EDC,Day,   0.00,   0.00,1133,5,    4.378,    3.006,    3.183,9,N,LPGS_15.5.0, 34.30808538, 160.79044501,DE,-10.101852,ETM_L2SP,ETM,7,UTM,30,WGS84,WGS84,2.0,51Ḟ41'26.56"N,1Ḟ07'18.95"W,52Ḟ40'21.86"N,2Ḟ08'39.37"W,52Ḟ16'13.12"N,0Ḟ36'25.85"E,51Ḟ05'10.50"N,2Ḟ48'28.51"W,50Ḟ41'51.79"N,0Ḟ08'48.48"W, 51.69071,  -1.12193, 52.67274,  -2.14427, 52.27031,   0.60718, 51.08625,  -2.80792, 50.69772,  -0.14680,LE07_L2SP_202024_20110929_20210518_02_T1,LE72020242011272EDC03
LE07_L2SP_201024_20121111_20210519_02_T1,LE07_L1TP_201024_20121111_20210519_02_T1,LE72010242012316ASN01,2012/11/11,OFF,T1,2,BUMPER, 201, 024,FULL,2021/05/19,2021/05/19,2012-11-11 10:48:04.381375,2012-11-11 10:48:31.13525,ASN,Day,   0.00,   0.00,729,5,    5.361,    4.263,    3.251,9,N,LPGS_15.5.0, 19.72585079, 166.34949254,DE, 12.904750,ETM_L2SP,ETM,7,UTM,31,WGS84,WGS84,2.0,51Ḟ41'08.38"N,0Ḟ28'32.88"E,52Ḟ40'15.06"N,0Ḟ32'36.56"W,52Ḟ16'02.35"N,2Ḟ12'21.02"E,51Ḟ05'04.78"N,1Ḟ12'34.56"W,50Ḟ41'42.04"N,1Ḟ26'58.56"E, 51.68566,   0.47580, 52.67085,  -0.54349, 52.26732,   2.20584, 51.08466,  -1.20960, 50.69501,   1.44960,LE07_L2SP_201024_20121111_20210519_02_T1,LE72010242012316ASN01
LE07_L2SP_202024_20121118_20210519_02_T1,LE07_L1TP_202024_20121118_20210519_02_T1,LE72020242012323EDC01,2012/11/18,OFF,T1,2,BUMPER, 202, 024,FULL,2021/05/19,2021/05/19,2012-11-18 10:54:19.448812,2012-11-18 10:54:46.202688,EDC,Day,   1.00,   1.00,807,5,    5.768,    4.656,    3.405,9,N,LPGS_15.5.0, 17.92595550, 166.34868382,DE, -7.579049,ETM_L2SP,ETM,7,UTM,30,WGS84,WGS84,2.0,51Ḟ41'10.54"N,1Ḟ04'50.92"W,52Ḟ40'05.52"N,2Ḟ06'02.12"W,52Ḟ15'53.06"N,0Ḟ38'56.69"E,51Ḟ04'53.69"N,2Ḟ46'03.76"W,50Ḟ41'31.27"N,0Ḟ06'29.56"W, 51.68626,  -1.08081, 52.66820,  -2.10059, 52.26474,   0.64908, 51.08158,  -2.76771, 50.69202,  -0.10821,LE07_L2SP_202024_20121118_20210519_02_T1,LE72020242012323EDC01
LE07_L2SP_201024_20130420_20200907_02_T1,LE07_L1TP_201024_20130420_20200907_02_T1,LE72010242013110ASN00,2013/04/20,OFF,T1,2,BUMPER, 201, 024,FULL,2020/09/07,2020/09/07,2013-04-20 10:48:06.740062,2013-04-20 10:48:33.493937,ASN,Day,   0.00,   1.00,843,5,    4.344,    3.205,    2.933,9,N,LPGS_15.3.1c, 47.60660168, 154.57639516,DE, 15.518309,ETM_L2SP,ETM,7,UTM,31,WGS84,WGS84,2.0,51Ḟ41'24.61"N,0Ḟ27'04.10"E,52Ḟ40'16"N,0Ḟ34'13.66"W,52Ḟ16'06.82"N,2Ḟ10'49.62"E,51Ḟ05'04.67"N,1Ḟ14'09.53"W,50Ḟ41'45.89"N,1Ḟ25'28.88"E, 51.69017,   0.45114, 52.67111,  -0.57046, 52.26856,   2.18045, 51.08463,  -1.23598, 50.69608,   1.42469,LE07_L2SP_201024_20130420_20200907_02_T1,LE72010242013110ASN00
LE07_L2SP_201025_20130420_20200907_02_T1,LE07_L1TP_201025_20130420_20200907_02_T1,LE72010252013110ASN00,2013/04/20,OFF,T1,2,BUMPER, 201, 025,FULL,2020/09/07,2020/09/07,2013-04-20 10:48:30.568874,2013-04-20 10:48:57.322749,ASN,Day,   6.00,   4.00,535,5,    4.359,    3.061,    3.104,9,N,LPGS_15.3.1c, 48.72645352, 153.14787780,DE, -2.800266,ETM_L2SP,ETM,7,UTM,30,WGS84,WGS84,2.0,50Ḟ16'42.46"N,0Ḟ09'59.83"W,51Ḟ15'28.80"N,1Ḟ09'55.08"W,50Ḟ52'04.69"N,1Ḟ30'17.53"E,49Ḟ40'09.48"N,1Ḟ47'49.67"W,49Ḟ17'31.42"N,0Ḟ47'20.80"E, 50.27846,  -0.16662, 51.25800,  -1.16530, 50.86797,   1.50487, 49.66930,  -1.79713, 49.29206,   0.78911,LE07_L2SP_201025_20130420_20200907_02_T1,LE72010252013110ASN00
LE07_L2SP_201025_20130709_20200907_02_T1,LE07_L1TP_201025_20130709_20200907_02_T1,LE72010252013190ASN00,2013/07/09,OFF,T1,2,BUMPER, 201, 025,FULL,2020/09/07,2020/09/07,2013-07-09 10:47:58.795624,2013-07-09 10:48:25.549437,ASN,Day,   0.00,   0.00,436,5,    5.026,    3.247,    3.837,9,N,LPGS_15.3.1c, 58.15558055, 144.31049820,DE, -3.173139,ETM_L2SP,ETM,7,UTM,30,WGS84,WGS84,2.0,50Ḟ16'44.40"N,0Ḟ09'53.06"W,51Ḟ15'30.17"N,1Ḟ09'46.80"W,50Ḟ52'07.46"N,1Ḟ30'22.25"E,49Ḟ40'06.49"N,1Ḟ47'43.22"W,49Ḟ17'29.18"N,0Ḟ47'23.60"E, 50.27900,  -0.16474, 51.25838,  -1.16300, 50.86874,   1.50618, 49.66847,  -1.79534, 49.29144,   0.78989,LE07_L2SP_201025_20130709_20200907_02_T1,LE72010252013190ASN00
LE07_L2SP_201025_20140101_20200906_02_T2,LE07_L1GT_201025_20140101_20200906_02_T2,LE72010252014001EDC00,2014/01/01,OFF,T2,2,BUMPER, 201, 025,FULL,2020/09/06,2020/09/06,2014-01-01 10:49:00.629562,2014-01-01 10:49:27.383499,EDC,Day,   0.00,   0.00,-1,-1,,,,9,N,LPGS_15.3.1c, 14.87970939, 162.17518098,DE, 15.846970,ETM_L2SP,ETM,7,UTM,30,WGS84,WGS84,2.0,50Ḟ16'28.85"N,0Ḟ09'35.82"W,51Ḟ15'13.25"N,1Ḟ09'28.55"W,50Ḟ51'46.40"N,1Ḟ30'38.77"E,49Ḟ39'53.57"N,1Ḟ47'28.32"W,49Ḟ17'12.77"N,0Ḟ47'37.03"E, 50.27468,  -0.15995, 51.25368,  -1.15793, 50.86289,   1.51077, 49.66488,  -1.79120, 49.28688,   0.79362,LE07_L2SP_201025_20140101_20200906_02_T2,LE72010252014001EDC00
LE07_L2SP_202024_20160505_20200902_02_T1,LE07_L1TP_202024_20160505_20200902_02_T1,LE72020242016126NSG00,2016/05/05,OFF,T1,2,BUMPER, 202, 024,FULL,2020/09/02,2020/09/02,2016-05-05 11:00:44.405375,2016-05-05 11:01:11.159312,NSG,Day,   1.00,   1.00,989,5,    4.531,    3.165,    3.243,9,N,LPGS_15.3.1c, 52.79118730, 155.74895400,DE, -6.006537,ETM_L2SP,ETM,7,UTM,30,WGS84,WGS84,2.0,51Ḟ41'11.83"N,1Ḟ04'34.28"W,52Ḟ40'16.93"N,2Ḟ05'40.99"W,52Ḟ16'05.66"N,0Ḟ39'13.61"E,51Ḟ05'05.86"N,2Ḟ45'39.42"W,50Ḟ41'44.59"N,0Ḟ06'09.47"W, 51.68662,  -1.07619, 52.67137,  -2.09472, 52.26824,   0.65378, 51.08496,  -2.76095, 50.69572,  -0.10263,LE07_L2SP_202024_20160505_20200902_02_T1,LE72020242016126NSG00
LE07_L2SP_202024_20161129_20201008_02_T1,LE07_L1TP_202024_20161129_20201008_02_T1,LE72020242016334NSG00,2016/11/29,OFF,T1,2,BUMPER, 202, 024,FULL,2020/10/08,2020/10/08,2016-11-29 11:00:52.009187,2016-11-29 11:01:18.763124,NSG,Day,   2.00,   2.00,576,5,    5.183,    3.860,    3.459,9,N,LPGS_15.3.1c, 15.84834226, 167.48268309,DE, -7.173505,ETM_L2SP,ETM,7,UTM,30,WGS84,WGS84,2.0,51Ḟ41'23.42"N,1Ḟ06'33.91"W,52Ḟ40'17.58"N,2Ḟ07'53.83"W,52Ḟ16'08.58"N,0Ḟ37'08.40"E,51Ḟ05'06.32"N,2Ḟ47'44.27"W,50Ḟ41'47.26"N,0Ḟ08'07.08"W, 51.68984,  -1.10942, 52.67155,  -2.13162, 52.26905,   0.61900, 51.08509,  -2.79563, 50.69646,  -0.13530,LE07_L2SP_202024_20161129_20201008_02_T1,LE72020242016334NSG00
LE07_L2SP_201025_20170618_20210519_02_T1,LE07_L1TP_201025_20170618_20210519_02_T1,LE72010252017169NSG01,2017/06/18,OFF,T1,2,BUMPER, 201, 025,FULL,2021/05/19,2021/05/19,2017-06-18 10:55:11.743375,2017-06-18 10:55:38.497375,NSG,Day,  15.00,   4.00,332,5,    5.369,    3.540,    4.036,9,N,LPGS_15.5.0, 60.17576229, 148.13982537,DE, -1.402424,ETM_L2SP,ETM,7,UTM,30,WGS84,WGS84,2.0,50Ḟ16'32.12"N,0Ḟ10'46.99"W,51Ḟ15'23.62"N,1Ḟ10'36.70"W,50Ḟ51'57.53"N,1Ḟ29'32.32"E,49Ḟ40'01.42"N,1Ḟ48'36.94"W,49Ḟ17'21.23"N,0Ḟ46'30.07"E, 50.27559,  -0.17972, 51.25656,  -1.17686, 50.86598,   1.49231, 49.66706,  -1.81026, 49.28923,   0.77502,LE07_L2SP_201025_20170618_20210519_02_T1,LE72010252017169NSG01
LE07_L2SP_201024_20170922_20200831_02_T1,LE07_L1TP_201024_20170922_20200831_02_T1,LE72010242017265NSG00,2017/09/22,OFF,T1,2,BUMPER, 201, 024,FULL,2020/08/31,2020/08/31,2017-09-22 10:54:45.094874,2017-09-22 10:55:11.848812,NSG,Day,   5.00,   5.00,629,5,    4.480,    3.211,    3.124,9,N,LPGS_15.3.1c, 37.12141960, 162.35836430,DE, -8.397156,ETM_L2SP,ETM,7,UTM,31,WGS84,WGS84,2.0,51Ḟ41'20.90"N,0Ḟ26'40.52"E,52Ḟ40'27.44"N,0Ḟ34'27.77"W,52Ḟ16'18.05"N,2Ḟ10'32.34"E,51Ḟ05'14.17"N,1Ḟ14'25.48"W,50Ḟ41'54.46"N,1Ḟ25'09.62"E, 51.68914,   0.44459, 52.67429,  -0.57438, 52.27168,   2.17565, 51.08727,  -1.24041, 50.69846,   1.41934,LE07_L2SP_201024_20170922_20200831_02_T1,LE72010242017265NSG00
LE07_L2SP_201024_20180418_20210519_02_T1,LE07_L1TP_201024_20180418_20210519_02_T1,LE72010242018108NSG01,2018/04/18,OFF,T1,2,BUMPER, 201, 024,FULL,2021/05/19,2021/05/19,2018-04-18 10:52:51.757,2018-04-18 10:53:18.510937,NSG,Day,   2.00,   1.00,634,5,    4.248,    3.151,    2.849,9,N,LPGS_15.5.0, 47.13246179, 156.31654511,DE,-10.619670,ETM_L2SP,ETM,7,UTM,31,WGS84,WGS84,2.0,51Ḟ41'40.45"N,0Ḟ25'01.16"E,52Ḟ40'38.68"N,0Ḟ36'13.50"W,52Ḟ16'34.90"N,2Ḟ08'44.27"E,51Ḟ05'23.64"N,1Ḟ16'01.31"W,50Ḟ42'09.61"N,1Ḟ23'31.27"E, 51.69457,   0.41699, 52.67741,  -0.60375, 52.27636,   2.14563, 51.08990,  -1.26703, 50.70267,   1.39202,LE07_L2SP_201024_20180418_20210519_02_T1,LE72010242018108NSG01
LE07_L2SP_201025_20180418_20210519_02_T1,LE07_L1TP_201025_20180418_20210519_02_T1,LE72010252018108NSG01,2018/04/18,OFF,T1,2,BUMPER, 201, 025,FULL,2021/05/19,2021/05/19,2018-04-18 10:53:15.657187,2018-04-18 10:53:42.411125,NSG,Day,   0.00,   0.00,505,5,    4.335,    2.949,    3.177,9,N,LPGS_15.5.0, 48.28455878, 154.93946059,DE,  1.577497,ETM_L2SP,ETM,7,UTM,30,WGS84,WGS84,2.0,50Ḟ16'56.39"N,0Ḟ11'56.72"W,51Ḟ15'32.80"N,1Ḟ11'54.82"W,50Ḟ52'13.66"N,1Ḟ28'11.10"E,49Ḟ40'10.27"N,1Ḟ49'46.27"W,49Ḟ17'37.21"N,0Ḟ45'17.64"E, 50.28233,  -0.19909, 51.25911,  -1.19856, 50.87046,   1.46975, 49.66952,  -1.82952, 49.29367,   0.75490,LE07_L2SP_201025_20180418_20210519_02_T1,LE72010252018108NSG01
LE07_L2SP_202024_20180628_20200829_02_T1,LE07_L1TP_202024_20180628_20200829_02_T1,LE72020242018179NSG00,2018/06/28,OFF,T1,2,BUMPER, 202, 024,FULL,2020/08/29,2020/08/29,2018-06-28 10:57:48.259,2018-06-28 10:58:15.012938,NSG,Day,   0.00,   0.00,836,5,    4.521,    3.256,    3.137,9,N,LPGS_15.3.1c, 58.56138536, 148.12493975,DE, -2.261917,ETM_L2SP,ETM,7,UTM,30,WGS84,WGS84,2.0,51Ḟ41'42.97"N,1Ḟ07'39.04"W,52Ḟ40'46.92"N,2Ḟ08'57.05"W,52Ḟ16'43.36"N,0Ḟ36'07.06"E,51Ḟ05'31.78"N,2Ḟ48'39.96"W,50Ḟ42'17.32"N,0Ḟ09'01.66"W, 51.69527,  -1.12751, 52.67970,  -2.14918, 52.27871,   0.60196, 51.09216,  -2.81110, 50.70481,  -0.15046,LE07_L2SP_202024_20180628_20200829_02_T1,LE72020242018179NSG00
LE07_L2SP_201025_20180707_20200829_02_T1,LE07_L1TP_201025_20180707_20200829_02_T1,LE72010252018188NSG00,2018/07/07,OFF,T1,2,BUMPER, 201, 025,FULL,2020/08/29,2020/08/29,2018-07-07 10:51:50.2065,2018-07-07 10:52:16.9605,NSG,Day,   3.00,   2.00,420,5,    4.734,    3.129,    3.552,9,N,LPGS_15.3.1c, 58.75590925, 145.76940667,DE,  0.731544,ETM_L2SP,ETM,7,UTM,30,WGS84,WGS84,2.0,50Ḟ16'59.70"N,0Ḟ11'38.15"W,51Ḟ15'47.74"N,1Ḟ11'28.79"W,50Ḟ52'28.42"N,1Ḟ28'42.17"E,49Ḟ40'24.13"N,1Ḟ49'28.20"W,49Ḟ17'51.07"N,0Ḟ45'40.46"E, 50.28325,  -0.19393, 51.26326,  -1.19133, 50.87456,   1.47838, 49.67337,  -1.82450, 49.29752,   0.76124,LE07_L2SP_201025_20180707_20200829_02_T1,LE72010252018188NSG00
LE07_L2SP_201024_20190421_20200825_02_T1,LE07_L1TP_201024_20190421_20200825_02_T1,LE72010242019111NSG00,2019/04/21,OFF,T1,2,BUMPER, 201, 024,FULL,2020/08/25,2020/08/25,2019-04-21 10:43:49.389,2019-04-21 10:44:16.143,NSG,Day,   0.00,   0.00,870,5,    5.341,    3.200,    4.276,9,N,LPGS_15.3.1c, 47.46180405, 152.91733785,DE,-13.243579,ETM_L2SP,ETM,7,UTM,31,WGS84,WGS84,2.0,51Ḟ42'07.63"N,0Ḟ21'56.99"E,52Ḟ41'00.20"N,0Ḟ39'24.73"W,52Ḟ17'03.08"N,2Ḟ05'37.21"E,51Ḟ05'47.08"N,1Ḟ19'11.24"W,50Ḟ42'40.61"N,1Ḟ20'25.76"E, 51.70212,   0.36583, 52.68339,  -0.65687, 52.28419,   2.09367, 51.09641,  -1.31979, 50.71128,   1.34049,LE07_L2SP_201024_20190421_20200825_02_T1,LE72010242019111NSG00
LE07_L2SP_201025_20190421_20200825_02_T1,LE07_L1TP_201025_20190421_20200825_02_T1,LE72010252019111NSG00,2019/04/21,OFF,T1,2,BUMPER, 201, 025,FULL,2020/08/25,2020/08/25,2019-04-21 10:44:13.28925,2019-04-21 10:44:40.043187,NSG,Day,   0.00,   0.00,546,5,    4.502,    3.196,    3.171,9,N,LPGS_15.3.1c, 48.56026347, 151.46240715,DE, -2.180206,ETM_L2SP,ETM,7,UTM,30,WGS84,WGS84,2.0,50Ḟ17'22.52"N,0Ḟ15'03.13"W,51Ḟ15'56.48"N,1Ḟ15'05.26"W,50Ḟ52'44.94"N,1Ḟ25'05.16"E,49Ḟ40'31.91"N,1Ḟ52'48.68"W,49Ḟ18'07.13"N,0Ḟ42'19.62"E, 50.28959,  -0.25087, 51.26569,  -1.25146, 50.87915,   1.41810, 49.67553,  -1.88019, 49.30198,   0.70545,LE07_L2SP_201025_20190421_20200825_02_T1,LE72010252019111NSG00
LE07_L2SP_202024_20190514_20200825_02_T1,LE07_L1TP_202024_20190514_20200825_02_T1,LE72020242019134NSG00,2019/05/14,OFF,T1,2,BUMPER, 202, 024,FULL,2020/08/25,2020/08/25,2019-05-14 10:49:07.326813,2019-05-14 10:49:34.08075,NSG,Day,   1.00,   1.00,961,5,    4.592,    3.173,    3.320,9,N,LPGS_15.3.1c, 54.02594921, 150.20089841,DE, -6.026185,ETM_L2SP,ETM,7,UTM,30,WGS84,WGS84,2.0,51Ḟ42'09.18"N,1Ḟ10'31.26"W,52Ḟ41'04.96"N,2Ḟ11'57.98"W,52Ḟ17'09.31"N,0Ḟ33'08.71"E,51Ḟ05'51.29"N,2Ḟ51'30.85"W,50Ḟ42'45.32"N,0Ḟ11'49.78"W, 51.70255,  -1.17535, 52.68471,  -2.19944, 52.28592,   0.55242, 51.09758,  -2.85857, 50.71259,  -0.19716,LE07_L2SP_202024_20190514_20200825_02_T1,LE72020242019134NSG00
LE07_L2SP_201024_20190827_20200824_02_T1,LE07_L1TP_201024_20190827_20200824_02_T1,LE72010242019239NSG00,2019/08/27,OFF,T1,2,BUMPER, 201, 024,FULL,2020/08/24,2020/08/24,2019-08-27 10:38:52.119313,2019-08-27 10:39:18.87325,NSG,Day,   3.00,   2.00,921,5,    4.603,    3.317,    3.191,9,N,LPGS_15.3.1c, 45.20933382, 151.02129075,DE,-14.776699,ETM_L2SP,ETM,7,UTM,31,WGS84,WGS84,2.0,51Ḟ42'13.14"N,0Ḟ21'17.82"E,52Ḟ41'06.22"N,0Ḟ40'10.52"W,52Ḟ17'11.65"N,2Ḟ04'56.06"E,51Ḟ05'49.88"N,1Ḟ19'43.75"W,50Ḟ42'43.96"N,1Ḟ19'56.68"E, 51.70365,   0.35495, 52.68506,  -0.66959, 52.28657,   2.08224, 51.09719,  -1.32882, 50.71221,   1.33241,LE07_L2SP_201024_20190827_20200824_02_T1,LE72010242019239NSG00
LE07_L2SP_202024_20190919_20200823_02_T1,LE07_L1TP_202024_20190919_20200823_02_T1,LE72020242019262NSG00,2019/09/19,OFF,T1,2,BUMPER, 202, 024,FULL,2020/08/23,2020/08/23,2019-09-19 10:44:02.286312,2019-09-19 10:44:29.040313,NSG,Day,   0.00,   0.00,973,5,    4.427,    3.048,    3.210,9,N,LPGS_15.3.1c, 37.42489424, 156.33091169,DE, -1.665611,ETM_L2SP,ETM,7,UTM,30,WGS84,WGS84,2.0,51Ḟ42'16.52"N,1Ḟ11'02.90"W,52Ḟ41'14.32"N,2Ḟ12'28.04"W,52Ḟ17'20.11"N,0Ḟ32'42.76"E,51Ḟ05'58.06"N,2Ḟ52'04.51"W,50Ḟ42'53.28"N,0Ḟ12'19.76"W, 51.70459,  -1.18414, 52.68731,  -2.20779, 52.28892,   0.54521, 51.09946,  -2.86792, 50.71480,  -0.20549,LE07_L2SP_202024_20190919_20200823_02_T1,LE72020242019262NSG00
LE07_L2SP_201025_20200118_20200822_02_T1,LE07_L1TP_201025_20200118_20200822_02_T1,LE72010252020018NSG00,2020/01/18,OFF,T1,2,BUMPER, 201, 025,FULL,2020/08/22,2020/08/22,2020-01-18 10:32:35.615375,2020-01-18 10:33:02.369375,NSG,Day,   6.00,   4.00,318,5,    6.434,    5.465,    3.396,9,N,LPGS_15.3.1c, 15.83377719, 156.06693536,DE,  1.109189,ETM_L2SP,ETM,7,UTM,30,WGS84,WGS84,2.0,50Ḟ17'40.70"N,0Ḟ16'39.94"W,51Ḟ16'10.06"N,1Ḟ16'50.16"W,50Ḟ53'03.01"N,1Ḟ23'29.36"E,49Ḟ40'46.06"N,1Ḟ54'26.60"W,49Ḟ18'24.48"N,0Ḟ40'49.87"E, 50.29464,  -0.27776, 51.26946,  -1.28060, 50.88417,   1.39149, 49.67946,  -1.90739, 49.30680,   0.68052,LE07_L2SP_201025_20200118_20200822_02_T1,LE72010252020018NSG00
LE07_L2SP_201024_20200407_20200822_02_T1,LE07_L1TP_201024_20200407_20200822_02_T1,LE72010242020098NSG00,2020/04/07,OFF,T1,2,BUMPER, 201, 024,FULL,2020/08/22,2020/08/22,2020-04-07 10:27:55.952937,2020-04-07 10:28:22.706938,NSG,Day,   2.00,   2.00,688,5,    4.322,    3.163,    2.946,9,N,LPGS_15.3.1c, 41.46566501, 148.59321469,DE, 12.778095,ETM_L2SP,ETM,7,UTM,31,WGS84,WGS84,2.0,51Ḟ42'36.83"N,0Ḟ18'17.68"E,52Ḟ41'23.03"N,0Ḟ43'14.74"W,52Ḟ17'35.16"N,2Ḟ01'51.49"E,51Ḟ06'06.77"N,1Ḟ22'43"W,50Ḟ43'07.97"N,1Ḟ16'57.11"E, 51.71023,   0.30491, 52.68973,  -0.72076, 52.29310,   2.03097, 51.10188,  -1.37861, 50.71888,   1.28253,LE07_L2SP_201024_20200407_20200822_02_T1,LE72010242020098NSG00
LE07_L2SP_201024_20200423_20200820_02_T1,LE07_L1TP_201024_20200423_20200820_02_T1,LE72010242020114NSG00,2020/04/23,OFF,T1,2,BUMPER, 201, 024,FULL,2020/08/20,2020/08/20,2020-04-23 10:26:59.892812,2020-04-23 10:27:26.646813,NSG,Day,   4.00,   5.00,801,5,    4.468,    2.848,    3.443,9,N,LPGS_15.3.1c, 47.04249153, 146.84691571,DE, 13.496897,ETM_L2SP,ETM,7,UTM,31,WGS84,WGS84,2.0,51Ḟ42'37.84"N,0Ḟ18'14.44"E,52Ḟ41'24.61"N,0Ḟ43'22.62"W,52Ḟ17'36.74"N,2Ḟ01'46.96"E,51Ḟ06'09.36"N,1Ḟ22'45.52"W,50Ḟ43'10.63"N,1Ḟ16'57.86"E, 51.71051,   0.30401, 52.69017,  -0.72295, 52.29354,   2.02971, 51.10260,  -1.37931, 50.71962,   1.28274,LE07_L2SP_201024_20200423_20200820_02_T1,LE72010242020114NSG00
LE07_L2SP_201025_20200423_20200820_02_T1,LE07_L1TP_201025_20200423_20200820_02_T1,LE72010252020114NSG00,2020/04/23,OFF,T1,2,BUMPER, 201, 025,FULL,2020/08/20,2020/08/20,2020-04-23 10:27:23.793062,2020-04-23 10:27:50.547063,NSG,Day,   1.00,   0.00,621,5,    4.608,    3.244,    3.273,9,N,LPGS_15.3.1c, 48.03587932, 145.29262350,DE, -6.779335,ETM_L2SP,ETM,7,UTM,30,WGS84,WGS84,2.0,50Ḟ17'50.78"N,0Ḟ18'28.98"W,51Ḟ16'18.70"N,1Ḟ18'39.74"W,50Ḟ53'14.89"N,1Ḟ21'37.12"E,49Ḟ40'52.50"N,1Ḟ56'12.73"W,49Ḟ18'34.16"N,0Ḟ39'01.08"E, 50.29744,  -0.30805, 51.27186,  -1.31104, 50.88747,   1.36031, 49.68125,  -1.93687, 49.30949,   0.65030,LE07_L2SP_201025_20200423_20200820_02_T1,LE72010252020114NSG00
LE07_L2SP_201024_20200509_20200820_02_T1,LE07_L1TP_201024_20200509_20200820_02_T1,LE72010242020130NSG00,2020/05/09,OFF,T1,2,BUMPER, 201, 024,FULL,2020/08/20,2020/08/20,2020-05-09 10:26:02.023625,2020-05-09 10:26:28.777562,NSG,Day,   0.00,   1.00,718,5,    4.790,    3.294,    3.478,9,N,LPGS_15.3.1c, 51.57064944, 144.49304368,DE, -4.559408,ETM_L2SP,ETM,7,UTM,31,WGS84,WGS84,2.0,51Ḟ42'40.25"N,0Ḟ18'25.56"E,52Ḟ41'35.45"N,0Ḟ43'09.34"W,52Ḟ17'47.54"N,2Ḟ02'03.08"E,51Ḟ06'19.37"N,1Ḟ22'34.07"W,50Ḟ43'21.36"N,1Ḟ17'12.30"E, 51.71118,   0.30710, 52.69318,  -0.71926, 52.29654,   2.03419, 51.10538,  -1.37613, 50.72260,   1.28675,LE07_L2SP_201024_20200509_20200820_02_T1,LE72010242020130NSG00
LE07_L2SP_201025_20200525_20200820_02_T1,LE07_L1TP_201025_20200525_20200820_02_T1,LE72010252020146NSG00,2020/05/25,OFF,T1,2,BUMPER, 201, 025,FULL,2020/08/20,2020/08/20,2020-05-25 10:25:26.442625,2020-05-25 10:25:53.196625,NSG,Day,  10.00,   2.00,394,5,    4.574,    3.206,    3.262,9,N,LPGS_15.3.1c, 55.56044427, 139.57484742,DE, 13.323648,ETM_L2SP,ETM,7,UTM,30,WGS84,WGS84,2.0,50Ḟ17'53.74"N,0Ḟ17'50.21"W,51Ḟ16'32.34"N,1Ḟ17'56.94"W,50Ḟ53'29.08"N,1Ḟ22'22.62"E,49Ḟ41'06.11"N,1Ḟ55'28.16"W,49Ḟ18'48.24"N,0Ḟ39'48.02"E, 50.29826,  -0.29728, 51.27565,  -1.29915, 50.89141,   1.37295, 49.68503,  -1.92449, 49.31340,   0.66334,LE07_L2SP_201025_20200525_20200820_02_T1,LE72010252020146NSG00
LE07_L2SP_202024_20200601_20200823_02_T1,LE07_L1TP_202024_20200601_20200823_02_T1,LE72020242020153NSG00,2020/06/01,OFF,T1,2,BUMPER, 202, 024,FULL,2020/08/23,2020/08/23,2020-06-01 10:30:49.0245,2020-06-01 10:31:15.7785,NSG,Day,   2.00,   2.00,651,5,    5.020,    3.399,    3.694,9,N,LPGS_15.3.1c, 55.51748332, 140.33637103,DE, 11.606682,ETM_L2SP,ETM,7,UTM,30,WGS84,WGS84,2.0,51Ḟ42'38.81"N,1Ḟ14'01.14"W,52Ḟ41'36.13"N,2Ḟ15'30.38"W,52Ḟ17'48.44"N,0Ḟ29'41.32"E,51Ḟ06'18.29"N,2Ḟ54'56.56"W,50Ḟ43'20.03"N,0Ḟ15'11.30"W, 51.71078,  -1.23365, 52.69337,  -2.25844, 52.29679,   0.49481, 51.10508,  -2.91571, 50.72223,  -0.25314,LE07_L2SP_202024_20200601_20200823_02_T1,LE72020242020153NSG00
LE07_L2SP_201024_20210309_20210404_02_T1,LE07_L1TP_201024_20210309_20210404_02_T1,LE72010242021068NSG00,2021/03/09,OFF,T1,2,BUMPER, 201, 024,FULL,2021/04/04,2021/04/04,2021-03-09 10:05:40.991562,2021-03-09 10:06:07.7455,NSG,Day,   4.00,   4.00,646,5,    5.092,    3.360,    3.826,9,N,LPGS_15.4.0, 28.08294703, 144.50105123,DE, -8.125204,ETM_L2SP,ETM,7,UTM,31,WGS84,WGS84,2.0,51Ḟ43'03.18"N,0Ḟ14'02.44"E,52Ḟ41'53.95"N,0Ḟ47'33.54"W,52Ḟ18'13.68"N,1Ḟ57'34.74"E,51Ḟ06'34.85"N,1Ḟ26'47.18"W,50Ḟ43'43.61"N,1Ḟ12'54.47"E, 51.71755,   0.23401, 52.69832,  -0.79265, 52.30380,   1.95965, 51.10968,  -1.44644, 50.72878,   1.21513,LE07_L2SP_201024_20210309_20210404_02_T1,LE72010242021068NSG00
LE07_L2SP_201025_20210309_20210404_02_T1,LE07_L1TP_201025_20210309_20210404_02_T1,LE72010252021068NSG00,2021/03/09,OFF,T1,2,BUMPER, 201, 025,FULL,2021/04/04,2021/04/04,2021-03-09 10:06:04.89175,2021-03-09 10:06:31.645687,NSG,Day,   5.00,   2.00,526,5,    5.095,    3.120,    4.028,9,N,LPGS_15.4.0, 29.03895206, 143.50966665,DE,  4.404483,ETM_L2SP,ETM,7,UTM,30,WGS84,WGS84,2.0,50Ḟ18'15.88"N,0Ḟ22'29.82"W,51Ḟ16'44.33"N,1Ḟ22'43.82"W,50Ḟ53'48.05"N,1Ḟ17'31.34"E,49Ḟ41'18.31"N,2Ḟ00'06.05"W,49Ḟ19'07.32"N,0Ḟ35'05.89"E, 50.30441,  -0.37495, 51.27898,  -1.37884, 50.89668,   1.29204, 49.68842,  -2.00168, 49.31870,   0.58497,LE07_L2SP_201025_20210309_20210404_02_T1,LE72010252021068NSG00
LE07_L2SP_202024_20210417_20210513_02_T1,LE07_L1TP_202024_20210417_20210513_02_T1,LE72020242021107NSG00,2021/04/17,OFF,T1,2,BUMPER, 202, 024,FULL,2021/05/13,2021/05/13,2021-04-17 10:08:40.654438,2021-04-17 10:09:07.408437,NSG,Day,   1.00,   1.00,800,5,    4.734,    3.297,    3.397,9,N,LPGS_15.4.0, 42.64660863, 139.66246906,DE, 14.225828,ETM_L2SP,ETM,7,UTM,30,WGS84,WGS84,2.0,51Ḟ43'08.72"N,1Ḟ18'06.98"W,52Ḟ41'54.92"N,2Ḟ19'49.30"W,52Ḟ18'15.48"N,0Ḟ25'26.26"E,51Ḟ06'36.36"N,2Ḟ59'02.54"W,50Ḟ43'45.84"N,0Ḟ19'13.87"W, 51.71909,  -1.30194, 52.69859,  -2.33036, 52.30430,   0.42396, 51.11010,  -2.98404, 50.72940,  -0.32052,LE07_L2SP_202024_20210417_20210513_02_T1,LE72020242021107NSG00
LE07_L2SP_201024_20210613_20210709_02_T1,LE07_L1TP_201024_20210613_20210709_02_T1,LE72010242021164NSG00,2021/06/13,OFF,T1,2,BUMPER, 201, 024,FULL,2021/07/09,2021/07/09,2021-06-13 09:57:42.994563,2021-06-13 09:58:09.748562,NSG,Day,   1.00,   1.00,756,5,    4.761,    3.231,    3.497,9,N,LPGS_15.5.0, 53.23823543, 129.21810249,DE,-14.034573,ETM_L2SP,ETM,7,UTM,31,WGS84,WGS84,2.0,51Ḟ43'13.98"N,0Ḟ14'55.07"E,52Ḟ41'54.56"N,0Ḟ46'46.09"W,52Ḟ18'17.03"N,1Ḟ58'24.56"E,51Ḟ06'36.65"N,1Ḟ25'57.83"W,50Ḟ43'47.89"N,1Ḟ13'46.02"E, 51.72055,   0.24863, 52.69849,  -0.77947, 52.30473,   1.97349, 51.11018,  -1.43273, 50.72997,   1.22945,LE07_L2SP_201024_20210613_20210709_02_T1,LE72010242021164NSG00
LE07_L2SP_201025_20210613_20210709_02_T1,LE07_L1TP_201025_20210613_20210709_02_T1,LE72010252021164NSG00,2021/06/13,OFF,T1,2,BUMPER, 201, 025,FULL,2021/07/09,2021/07/09,2021-06-13 09:58:06.823437,2021-06-13 09:58:33.577438,NSG,Day,   2.00,   1.00,464,5,    4.989,    3.808,    3.223,9,N,LPGS_15.5.0, 53.85795570, 127.05388977,DE, -3.439210,ETM_L2SP,ETM,7,UTM,30,WGS84,WGS84,2.0,50Ḟ18'24.41"N,0Ḟ21'34.78"W,51Ḟ17'01.68"N,1Ḟ21'48.35"W,50Ḟ54'07.81"N,1Ḟ18'29.88"E,49Ḟ41'33.68"N,1Ḟ59'06.40"W,49Ḟ19'25.10"N,0Ḟ36'08.14"E, 50.30678,  -0.35966, 51.28380,  -1.36343, 50.90217,   1.30830, 49.69269,  -1.98511, 49.32364,   0.60226,LE07_L2SP_201025_20210613_20210709_02_T1,LE72010252021164NSG00
LE07_L2SP_202024_20210722_20210817_02_T1,LE07_L1TP_202024_20210722_20210817_02_T1,LE72020242021203NSG00,2021/07/22,OFF,T1,2,BUMPER, 202, 024,FULL,2021/08/17,2021/08/17,2021-07-22 10:00:36.702813,2021-07-22 10:01:03.456813,NSG,Day,   1.00,   1.00,865,5,    4.591,    3.261,    3.232,9,N,LPGS_15.5.0, 49.46436781, 128.67532779,DE, -5.787371,ETM_L2SP,ETM,7,UTM,30,WGS84,WGS84,2.0,51Ḟ43'14.48"N,1Ḟ18'13.72"W,52Ḟ42'07.13"N,2Ḟ19'52.10"W,52Ḟ18'29.38"N,0Ḟ25'21.11"E,51Ḟ06'47.59"N,2Ḟ59'03.55"W,50Ḟ43'58.40"N,0Ḟ19'17.33"W, 51.72069,  -1.30381, 52.70198,  -2.33114, 52.30816,   0.42253, 51.11322,  -2.98432, 50.73289,  -0.32148,LE07_L2SP_202024_20210722_20210817_02_T1,LE72020242021203NSG00
LE07_L2SP_202024_20220319_20220414_02_T1,LE07_L1TP_202024_20220319_20220414_02_T1,LE72020242022078NSG00,2022/03/19,OFF,T1,2,BUMPER, 202, 024,FULL,2022/04/14,2022/04/14,2022-03-19 09:38:06.4795,2022-03-19 09:38:33.233438,NSG,Day,   0.00,   0.00,830,5,    5.035,    3.172,    3.910,9,N,LPGS_15.6.0, 28.44856811, 134.61951094,DE, -4.483792,ETM_L2SP,ETM,7,UTM,30,WGS84,WGS84,2.0,51Ḟ43'37.96"N,1Ḟ22'15.85"W,52Ḟ42'23.98"N,2Ḟ24'05.40"W,52Ḟ18'52.20"N,0Ḟ21'13.18"E,51Ḟ07'04.76"N,3Ḟ03'04.28"W,50Ḟ44'21.95"N,0Ḟ23'12.91"W, 51.72721,  -1.37107, 52.70666,  -2.40150, 52.31450,   0.35366, 51.11799,  -3.05119, 50.73943,  -0.38692,LE07_L2SP_202024_20220319_20220414_02_T1,LE72020242022078NSG00
LE07_L2SP_201024_20220622_20220719_02_T1,LE07_L1TP_201024_20220622_20220719_02_T1,LE72010242022173ASN00,2022/06/22,OFF,T1,2,BUMPER, 201, 024,FULL,2022/07/19,2022/07/19,2022-06-22 09:21:44,2022-06-22 09:22:11,ASN,Day,   0.00,   0.00,712,5,    4.636,    3.452,    3.095,9,N,LPGS_16.1.0, 48.59740447, 117.82916176,DE,  4.175133,ETM_L2SP,ETM,7,UTM,31,WGS84,WGS84,2.0,51Ḟ43'45.95"N,0Ḟ25'20.46"E,52Ḟ42'30.56"N,0Ḟ35'24.94"W,52Ḟ19'17.76"N,2Ḟ07'55.74"E,51Ḟ07'00.70"N,1Ḟ14'29.90"W,50Ḟ44'36.28"N,1Ḟ23'26.70"E, 51.72943,   0.42235, 52.70849,  -0.59026, 52.32160,   2.13215, 51.11686,  -1.24164, 50.74341,   1.39075,LE07_L2SP_201024_20220622_20220719_02_T1,LE72010242022173ASN00
LE07_L2SP_201025_20220622_20220719_02_T1,LE07_L1TP_201025_20220622_20220719_02_T1,LE72010252022173ASN00,2022/06/22,OFF,T1,2,BUMPER, 201, 025,FULL,2022/07/19,2022/07/19,2022-06-22 09:22:08,2022-06-22 09:22:34,ASN,Day,   1.00,   1.00,473,5,    4.541,    3.304,    3.115,9,N,LPGS_16.1.0, 48.95103920, 115.83149129,DE,  8.145283,ETM_L2SP,ETM,7,UTM,30,WGS84,WGS84,2.0,50Ḟ18'57.38"N,0Ḟ10'57"W,51Ḟ17'26.56"N,1Ḟ10'21.83"W,50Ḟ54'57.06"N,1Ḟ28'08.87"E,49Ḟ41'49.06"N,1Ḟ47'32.75"W,49Ḟ20'04.06"N,0Ḟ45'56.95"E, 50.31594,  -0.18250, 51.29071,  -1.17273, 50.91585,   1.46913, 49.69696,  -1.79243, 49.33446,   0.76582,LE07_L2SP_201025_20220622_20220719_02_T1,LE72010252022173ASN00
LE07_L2SP_201024_20220812_20220907_02_T1,LE07_L1TP_201024_20220812_20220907_02_T1,LE72010242022224ASN00,2022/08/12,OFF,T1,2,BUMPER, 201, 024,FULL,2022/09/07,2022/09/07,2022-08-12 09:17:52,2022-08-12 09:18:18,ASN,Day,   0.00,   0.00,829,5,    4.606,    3.342,    3.170,9,N,LPGS_16.1.0, 40.52671521, 122.47197882,PCD,-15.242402,ETM_L2SP,ETM,7,UTM,31,WGS84,WGS84,2.0,51Ḟ43'49.51"N,0Ḟ10'54.19"E,52Ḟ42'23.11"N,0Ḟ50'01.10"W,52Ḟ19'10.49"N,1Ḟ53'25.22"E,51Ḟ06'53.32"N,1Ḟ29'04.52"W,50Ḟ44'28.72"N,1Ḟ08'57.30"E, 51.73042,   0.18172, 52.70642,  -0.83364, 52.31958,   1.89034, 51.11481,  -1.48459, 50.74131,   1.14925,LE07_L2SP_201024_20220812_20220907_02_T1,LE72010242022224ASN00
LE07_L2SP_201025_20220812_20220907_02_T1,LE07_L1TP_201025_20220812_20220907_02_T1,LE72010252022224ASN00,2022/08/12,OFF,T1,2,BUMPER, 201, 025,FULL,2022/09/07,2022/09/07,2022-08-12 09:18:15,2022-08-12 09:18:42,ASN,Day,   0.00,   0.00,601,5,    4.346,    3.007,    3.138,9,N,LPGS_16.1.0, 40.99801630, 120.89734572,PCD,-13.684672,ETM_L2SP,ETM,7,UTM,30,WGS84,WGS84,2.0,50Ḟ18'58.14"N,0Ḟ25'25.75"W,51Ḟ17'19.54"N,1Ḟ24'56.70"W,50Ḟ54'49.97"N,1Ḟ13'39.29"E,49Ḟ41'41.28"N,2Ḟ02'05.93"W,49Ḟ19'56.35"N,0Ḟ31'28.85"E, 50.31615,  -0.42382, 51.28876,  -1.41575, 50.91388,   1.22758, 49.69480,  -2.03498, 49.33232,   0.52468,LE07_L2SP_201025_20220812_20220907_02_T1,LE72010252022224ASN00
LE07_L2SP_201024_20230610_20230706_02_T1,LE07_L1TP_201024_20230610_20230706_02_T1,LE72010242023161ASN00,2023/06/10,OFF,T1,2,BUMPER, 201, 024,FULL,2023/07/06,2023/07/06,2023-06-10 08:47:33,2023-06-10 08:47:59,ASN,Day,   1.00,   1.00,805,5,    4.646,    3.380,    3.187,9,N,LPGS_16.3.0, 43.37087477, 109.25332407,PCD, -1.647229,ETM_L2SP,ETM,7,UTM,31,WGS84,WGS84,2.0,51Ḟ44'17.99"N,0Ḟ17'22.42"W,52Ḟ42'48.20"N,1Ḟ18'15.62"W,52Ḟ19'45.84"N,1Ḟ24'54.14"E,51Ḟ07'15.67"N,1Ḟ57'07.02"W,50Ḟ45'01.62"N,0Ḟ40'38.71"E, 51.73833,  -0.28956, 52.71339,  -1.30434, 52.32940,   1.41504, 51.12102,  -1.95195, 50.75045,   0.67742,LE07_L2SP_201024_20230610_20230706_02_T1,LE72010242023161ASN00
LE07_L2SP_202024_20230615_20230711_02_T1,LE07_L1TP_202024_20230615_20230711_02_T1,LE72020242023166ASN00,2023/06/15,OFF,T1,2,BUMPER, 202, 024,FULL,2023/07/11,2023/07/11,2023-06-15 08:51:17,2023-06-15 08:51:44,ASN,Day,   4.00,   4.00,724,5,    4.965,    3.753,    3.250,9,N,LPGS_16.3.0, 43.36411526, 108.59857079,PCD,  8.498135,ETM_L2SP,ETM,7,UTM,30,WGS84,WGS84,2.0,51Ḟ44'18.35"N,1Ḟ22'06.13"W,52Ḟ43'02.28"N,2Ḟ22'54.08"W,52Ḟ20'00.06"N,0Ḟ20'17.30"E,51Ḟ07'28.56"N,3Ḟ01'45.34"W,50Ḟ45'14.22"N,0Ḟ23'58.34"W, 51.73843,  -1.36837, 52.71730,  -2.38169, 52.33335,   0.33814, 51.12460,  -3.02926, 50.75395,  -0.39954,LE07_L2SP_202024_20230615_20230711_02_T1,LE72020242023166ASN00
LE07_L2SP_202024_20230707_20230802_02_T1,LE07_L1TP_202024_20230707_20230802_02_T1,LE72020242023188ASN00,2023/07/07,OFF,T1,2,BUMPER, 202, 024,FULL,2023/08/02,2023/08/02,2023-07-07 08:47:38,2023-07-07 08:48:05,ASN,Day,   0.00,   0.00,686,5,    4.676,    3.390,    3.220,9,N,LPGS_16.3.0, 41.78644565, 107.53113050,PCD,  2.268765,ETM_L2SP,ETM,7,UTM,30,WGS84,WGS84,2.0,51Ḟ44'19.90"N,1Ḟ05'40.81"W,52Ḟ42'57.67"N,2Ḟ06'32.11"W,52Ḟ19'55.56"N,0Ḟ36'41.87"E,51Ḟ07'26.26"N,2Ḟ45'22.21"W,50Ḟ45'11.88"N,0Ḟ07'32.66"W, 51.73886,  -1.09467, 52.71602,  -2.10892, 52.33210,   0.61163, 51.12396,  -2.75617, 50.75330,  -0.12574,LE07_L2SP_202024_20230707_20230802_02_T1,LE72020242023188ASN00
LE07_L2SP_202025_20230707_20230802_02_T1,LE07_L1TP_202025_20230707_20230802_02_T1,LE72020252023188ASN00,2023/07/07,OFF,T1,2,BUMPER, 202, 025,FULL,2023/08/02,2023/08/02,2023-07-07 08:48:02,2023-07-07 08:48:29,ASN,Day,   1.00,   1.00,414,5,    6.074,    4.679,    3.873,9,N,LPGS_16.3.0, 41.89041406, 105.84691467,PCD,  3.378029,ETM_L2SP,ETM,7,UTM,30,WGS84,WGS84,2.0,50Ḟ19'27.34"N,1Ḟ41'46.72"W,51Ḟ17'52.62"N,2Ḟ41'14.78"W,50Ḟ55'33.31"N,0Ḟ02'51.07"W,49Ḟ42'10.40"N,3Ḟ18'13.93"W,49Ḟ20'35.16"N,0Ḟ44'51.58"W, 50.32426,  -1.69631, 51.29795,  -2.68744, 50.92592,  -0.04752, 49.70289,  -3.30387, 49.34310,  -0.74766,LE07_L2SP_202025_20230707_20230802_02_T1,LE72020252023188ASN00
LE07_L2SP_202024_20230921_20231017_02_T1,LE07_L1TP_202024_20230921_20231017_02_T1,LE72020242023264ASN00,2023/09/21,OFF,T1,2,BUMPER, 202, 024,FULL,2023/10/17,2023/10/17,2023-09-21 08:39:54,2023-09-21 08:40:20,ASN,Day,   5.00,   5.00,571,5,    5.650,    3.313,    4.577,9,N,LPGS_16.3.1, 24.26770828, 123.27529974,PCD,-12.599054,ETM_L2SP,ETM,7,UTM,30,WGS84,WGS84,2.0,51Ḟ44'22.52"N,1Ḟ22'50.52"W,52Ḟ43'03.36"N,2Ḟ23'37.36"W,52Ḟ20'03.19"N,0Ḟ19'28.99"E,51Ḟ07'30.07"N,3Ḟ02'24.61"W,50Ḟ45'17.71"N,0Ḟ24'42.55"W, 51.73959,  -1.38070, 52.71760,  -2.39371, 52.33422,   0.32472, 51.12502,  -3.04017, 50.75492,  -0.41182,LE07_L2SP_202024_20230921_20231017_02_T1,LE72020242023264ASN00
